date,venue,raceNumber,number,waku,name,sex,age,jockey,odds,oddsMove,recentFinishes,jockeyWinRatePct,speedFigure,courseFit,restDaysSinceLast
2026-07-18,小倉,11,1,1,マツカゼトライ,牡,5,三好,22.0,,6|7|8|5|7,9.0,60.0,50,42
2026-07-18,小倉,11,3,3,テイオーライト,牡,4,前田,4.8,up,3|5|2|4|6,9.5,72.0,68,28
2026-07-18,小倉,11,4,4,サクラノキセキ,牝,5,谷口,9.2,,5|6|4|7|5,8.0,65.0,55,21
2026-07-18,小倉,11,7,6,ゴールドフレイム,牡,3,西村,3.1,down,2|1|3|2|4,12.0,80.0,90,21
2026-07-18,小倉,11,12,8,キリノハヤテ,牡,6,村田,14.0,,4|6|3|5|6,7.5,68.0,60,49
2026-07-18,小倉,12,1,1,ブレイブコダマ,牡,5,長谷川,2.8,down,1|2|3|1|2,15.0,78.0,85,35
2026-07-18,小倉,12,3,2,ヨゾラノハシリ,牝,4,森田,7.0,,3|4|2|5|3,10.0,70.0,60,28
2026-07-18,小倉,12,5,3,アカツキダッシュ,牡,3,三好,9.0,,4|3|5|4|6,8.5,66.0,50,42
2026-07-18,小倉,12,7,4,バクフウリン,牡,4,谷口,12.0,up,5|6|4|7|5,7.0,62.0,45,49
